request_id,amount_safe_to_pay,affordability_status,recommended_payment_method,payment_plan,earliest_date_for_full_payment,spending_changes_needed,decision_explanation
request_26,15656000.0,affordable_now,full_payment,2025-08-03:15656000,2025-08-03,none,"Pay IDR 15,656,000 today. This leaves at least IDR 72,852,162.35 available over the next 90 days."
request_27,6670.0,affordable_now,full_payment,2026-07-05:6670,2026-07-05,none,"Pay ZAR 6,670 today. This leaves at least ZAR 72,737.98 available over the next 90 days."
request_28,288.88,affordable_with_plan,installments,2024-06-21:73.18|2024-07-21:73.18|2024-08-21:73.18|2024-09-21:73.18|2024-10-21:73.18|2024-11-21:73.18|2024-12-21:73.18|2025-01-21:73.18|2025-02-21:73.18|2025-03-21:73.18|2025-04-21:73.18|2025-05-21:73.18|2025-06-21:73.18|2025-07-21:73.18|2025-08-21:73.18|2025-09-21:73.18|2025-10-21:73.18|2025-11-21:73.18|2025-12-21:73.18|2026-01-21:73.18|2026-02-21:73.18,2024-08-15,none,"Use 21 installments of EUR 73.18, starting 21 June 2024. This leaves at least EUR 1,388.88 available."
request_29,7581.47,not_affordable,not_recommended,none,,none,"Do not make this payment by 23 November 2025. None of the available options keeps the ZAR 28,300 minimum protected."
request_30,775.2,affordable_now,full_payment,2026-04-06:775.20,2026-04-06,none,"Pay USD 775.20 today. This leaves at least USD 2,890.76 available over the next 90 days."
request_31,2638940.88,affordable_with_plan,installments,2024-09-10:1020643.81|2024-10-10:1020643.81|2024-11-10:1020643.81|2024-12-10:1020643.81|2025-01-10:1020643.81|2025-02-10:1020643.81|2025-03-10:1020643.81|2025-04-10:1020643.81|2025-05-10:1020643.81|2025-06-10:1020643.81|2025-07-10:1020643.81|2025-08-10:1020643.81|2025-09-10:1020643.81|2025-10-10:1020643.81|2025-11-10:1020643.81|2025-12-10:1020643.81|2026-01-10:1020643.81|2026-02-10:1020643.81|2026-03-10:1020643.81|2026-04-10:1020643.81|2026-05-10:1020643.81,2024-11-15,none,"Use 21 installments of IDR 1,020,643.81, starting 10 September 2024. This leaves at least IDR 18,207,197.07 available."
request_32,13234.21,affordable_with_plan,installments,2025-02-19:2934.65|2025-03-19:2934.65|2025-04-19:2934.65|2025-05-19:2934.65|2025-06-19:2934.65|2025-07-19:2934.65|2025-08-19:2934.65|2025-09-19:2934.65|2025-10-19:2934.65|2025-11-19:2934.65|2025-12-19:2934.65|2026-01-19:2934.65|2026-02-19:2934.65|2026-03-19:2934.65|2026-04-19:2934.65,2025-02-05,none,"Use 15 installments of ZAR 2,934.65, starting 19 February 2025. This leaves at least ZAR 47,268 available."
request_33,24835.98,affordable_with_plan,installments,2026-01-07:7473.33|2026-02-07:7473.33|2026-03-07:7473.33|2026-04-07:7473.33|2026-05-07:7473.33|2026-06-07:7473.33|2026-07-07:7473.33|2026-08-07:7473.33|2026-09-07:7473.33|2026-10-07:7473.33|2026-11-07:7473.33|2026-12-07:7473.33|2027-01-07:7473.33|2027-02-07:7473.33|2027-03-07:7473.33|2027-04-07:7473.33|2027-05-07:7473.33|2027-06-07:7473.33,2026-01-07,none,"Use 18 installments of INR 7,473.33, starting 07 January 2026. This leaves at least INR 119,462.65 available."
request_34,129400.0,affordable_now,full_payment,2024-12-04:129400,2024-12-04,none,"Pay INR 129,400 today. This leaves at least INR 419,197.59 available over the next 90 days."
request_35,22896.85,affordable_with_plan,installments,2025-11-06:15546.67|2025-12-06:15546.67|2026-01-06:15546.67|2026-02-06:15546.67|2026-03-06:15546.67|2026-04-06:15546.67|2026-05-06:15546.67|2026-06-06:15546.67|2026-07-06:15546.67|2026-08-06:15546.67|2026-09-06:15546.67|2026-10-06:15546.67|2026-11-06:15546.67|2026-12-06:15546.67|2027-01-06:15546.67,2026-01-15,none,"Use 15 installments of INR 15,546.67, starting 06 November 2025. This leaves at least INR 113,750.18 available."
request_36,583.74,affordable_with_plan,installments,2026-07-17:250.42|2026-08-17:250.42|2026-09-17:250.42|2026-10-17:250.42|2026-11-17:250.42|2026-12-17:250.42|2027-01-17:250.42|2027-02-17:250.42|2027-03-17:250.42|2027-04-17:250.42|2027-05-17:250.42|2027-06-17:250.42|2027-07-17:250.42|2027-08-17:250.42|2027-09-17:250.42|2027-10-17:250.42|2027-11-17:250.42|2027-12-17:250.42,2026-09-15,none,"Use 18 installments of USD 250.42, starting 17 July 2026. This leaves at least USD 2,983.74 available."
request_37,4386714.87,affordable_with_plan,installments,2024-03-05:823134.29|2024-04-05:823134.29|2024-05-05:823134.29|2024-06-05:823134.29|2024-07-05:823134.29|2024-08-05:823134.29|2024-09-05:823134.29|2024-10-05:823134.29|2024-11-05:823134.29|2024-12-05:823134.29|2025-01-05:823134.29|2025-02-05:823134.29|2025-03-05:823134.29|2025-04-05:823134.29|2025-05-05:823134.29|2025-06-05:823134.29|2025-07-05:823134.29|2025-08-05:823134.29|2025-09-05:823134.29|2025-10-05:823134.29|2025-11-05:823134.29,2024-03-05,none,"Use 21 installments of IDR 823,134.29, starting 05 March 2024. This leaves at least IDR 19,648,613.28 available."
request_38,203.02,affordable_with_plan,installments,2025-08-10:71.23|2025-09-10:71.23|2025-10-10:71.23|2025-11-10:71.23|2025-12-10:71.23|2026-01-10:71.23|2026-02-10:71.23|2026-03-10:71.23|2026-04-10:71.23|2026-05-10:71.23|2026-06-10:71.23|2026-07-10:71.23|2026-08-10:71.23|2026-09-10:71.23|2026-10-10:71.23,2025-10-15,none,"Use 15 installments of EUR 71.23, starting 10 August 2025. This leaves at least EUR 531.79 available."
request_39,57745.68,affordable_with_plan,installments,2026-04-11:13211.33|2026-05-11:13211.33|2026-06-11:13211.33|2026-07-11:13211.33|2026-08-11:13211.33|2026-09-11:13211.33|2026-10-11:13211.33|2026-11-11:13211.33|2026-12-11:13211.33|2027-01-11:13211.33|2027-02-11:13211.33|2027-03-11:13211.33|2027-04-11:13211.33|2027-05-11:13211.33|2027-06-11:13211.33|2027-07-11:13211.33|2027-08-11:13211.33|2027-09-11:13211.33,2026-06-15,none,"Use 18 installments of INR 13,211.33, starting 11 April 2026. This leaves at least INR 257,934.35 available."
request_40,352.14,affordable_with_plan,installments,2024-06-20:72.50|2024-07-20:72.50|2024-08-20:72.50|2024-09-20:72.50|2024-10-20:72.50|2024-11-20:72.50|2024-12-20:72.50|2025-01-20:72.50|2025-02-20:72.50|2025-03-20:72.50|2025-04-20:72.50|2025-05-20:72.50|2025-06-20:72.50|2025-07-20:72.50|2025-08-20:72.50|2025-09-20:72.50|2025-10-20:72.50|2025-11-20:72.50|2025-12-20:72.50|2026-01-20:72.50|2026-02-20:72.50,2024-06-06,none,"Use 21 installments of EUR 72.50, starting 20 June 2024. This leaves at least EUR 1,852.14 available."
request_41,8954995.5,affordable_with_plan,installments,2025-11-03:2842400|2025-12-03:2842400|2026-01-03:2842400|2026-02-03:2842400|2026-03-03:2842400|2026-04-03:2842400|2026-05-03:2842400|2026-06-03:2842400|2026-07-03:2842400|2026-08-03:2842400|2026-09-03:2842400|2026-10-03:2842400|2026-11-03:2842400|2026-12-03:2842400|2027-01-03:2842400,2026-01-15,none,"Use 15 installments of IDR 2,842,400, starting 03 November 2025. This leaves at least IDR 31,479,195.50 available."
request_42,52100.0,affordable_now,full_payment,2026-01-05:52100,2026-01-05,none,"Pay INR 52,100 today. This leaves at least INR 115,071.21 available over the next 90 days."
request_43,8352318.13,affordable_with_plan,installments,2024-09-14:2435239.05|2024-10-14:2435239.05|2024-11-14:2435239.05|2024-12-14:2435239.05|2025-01-14:2435239.05|2025-02-14:2435239.05|2025-03-14:2435239.05|2025-04-14:2435239.05|2025-05-14:2435239.05|2025-06-14:2435239.05|2025-07-14:2435239.05|2025-08-14:2435239.05|2025-09-14:2435239.05|2025-10-14:2435239.05|2025-11-14:2435239.05|2025-12-14:2435239.05|2026-01-14:2435239.05|2026-02-14:2435239.05|2026-03-14:2435239.05|2026-04-14:2435239.05|2026-05-14:2435239.05,2024-11-15,none,"Use 21 installments of IDR 2,435,239.05, starting 14 September 2024. This leaves at least IDR 27,315,079.08 available."
request_44,30099.97,affordable_with_plan,installments,2025-02-18:7025.33|2025-03-18:7025.33|2025-04-18:7025.33|2025-05-18:7025.33|2025-06-18:7025.33|2025-07-18:7025.33|2025-08-18:7025.33|2025-09-18:7025.33|2025-10-18:7025.33|2025-11-18:7025.33|2025-12-18:7025.33|2026-01-18:7025.33|2026-02-18:7025.33|2026-03-18:7025.33|2026-04-18:7025.33,2025-02-04,none,"Use 15 installments of INR 7,025.33, starting 18 February 2025. This leaves at least INR 112,999.97 available."
request_45,3370671.03,affordable_with_plan,installments,2026-07-06:1392256.67|2026-08-06:1392256.67|2026-09-06:1392256.67|2026-10-06:1392256.67|2026-11-06:1392256.67|2026-12-06:1392256.67|2027-01-06:1392256.67|2027-02-06:1392256.67|2027-03-06:1392256.67|2027-04-06:1392256.67|2027-05-06:1392256.67|2027-06-06:1392256.67|2027-07-06:1392256.67|2027-08-06:1392256.67|2027-09-06:1392256.67|2027-10-06:1392256.67|2027-11-06:1392256.67|2027-12-06:1392256.67,2026-09-15,none,"Use 18 installments of IDR 1,392,256.67, starting 06 July 2026. This leaves at least IDR 13,128,214.36 available."
request_46,34920.47,affordable_with_plan,partial_payment,2024-12-03:34920.47|2024-12-15:14529.53,2024-12-15,none,"Pay INR 34,920.47 today and the remaining INR 14,529.53 on 15 December 2024. This completes the full request and keeps the INR 84,000 minimum protected."
request_47,38114000.0,affordable_now,full_payment,2025-05-05:38114000,2025-05-05,none,"Pay IDR 38,114,000 today. This leaves at least IDR 63,191,137.26 available over the next 90 days."
request_48,45700.0,affordable_now,full_payment,2026-07-25:45700,2026-07-25,none,"Pay INR 45,700 today. This leaves at least INR 78,671.13 available over the next 90 days."
request_49,12549160.48,affordable_with_plan,installments,2024-03-04:1929187.62|2024-04-04:1929187.62|2024-05-04:1929187.62|2024-06-04:1929187.62|2024-07-04:1929187.62|2024-08-04:1929187.62|2024-09-04:1929187.62|2024-10-04:1929187.62|2024-11-04:1929187.62|2024-12-04:1929187.62|2025-01-04:1929187.62|2025-02-04:1929187.62|2025-03-04:1929187.62|2025-04-04:1929187.62|2025-05-04:1929187.62|2025-06-04:1929187.62|2025-07-04:1929187.62|2025-08-04:1929187.62|2025-09-04:1929187.62|2025-10-04:1929187.62|2025-11-04:1929187.62,2024-05-15,none,"Use 21 installments of IDR 1,929,187.62, starting 04 March 2024. This leaves at least IDR 30,895,672.86 available."
request_50,42859.19,affordable_with_plan,full_payment,2025-08-06:43900,2025-08-06,stop:event_4679,"Stop the cloud storage, then pay INR 43,900 today. This leaves at least INR 101,614.19 available."
request_51,2191000.0,affordable_now,full_payment,2026-01-03:2191000,2026-01-03,none,"Pay IDR 2,191,000 today. This leaves at least IDR 28,324,967.49 available over the next 90 days."
request_52,18945.1,affordable_with_plan,partial_payment,2024-06-05:18945.10|2024-06-15:9924.90,2024-06-15,none,"Pay INR 18,945.10 today and the remaining INR 9,924.90 on 15 June 2024. This completes the full request and keeps the INR 41,500 minimum protected."
request_53,460.69,affordable_with_plan,installments,2025-11-07:124.61|2025-12-07:124.61|2026-01-07:124.61|2026-02-07:124.61|2026-03-07:124.61|2026-04-07:124.61|2026-05-07:124.61|2026-06-07:124.61|2026-07-07:124.61|2026-08-07:124.61|2026-09-07:124.61|2026-10-07:124.61|2026-11-07:124.61|2026-12-07:124.61|2027-01-07:124.61,2026-01-15,none,"Use 15 installments of USD 124.61, starting 07 November 2025. This leaves at least USD 2,436.08 available."
request_54,1987.34,affordable_with_plan,installments,2026-07-18:6177.67|2026-08-18:6177.67|2026-09-18:6177.67|2026-10-18:6177.67|2026-11-18:6177.67|2026-12-18:6177.67|2027-01-18:6177.67|2027-02-18:6177.67|2027-03-18:6177.67|2027-04-18:6177.67|2027-05-18:6177.67|2027-06-18:6177.67|2027-07-18:6177.67|2027-08-18:6177.67|2027-09-18:6177.67|2027-10-18:6177.67|2027-11-18:6177.67|2027-12-18:6177.67|2028-01-18:6177.67|2028-02-18:6177.67|2028-03-18:6177.67|2028-04-18:6177.67|2028-05-18:6177.67|2028-06-18:6177.67,2026-07-04,none,"Use 24 installments of ZAR 6,177.67, starting 18 July 2026. This leaves at least ZAR 38,987.34 available."
request_55,129827.49,affordable_with_plan,installments,2026-06-11:75781.33|2026-07-11:75781.33|2026-08-11:75781.33,2026-07-15,none,"Use 3 installments of INR 75,781.33, starting 11 June 2026. This leaves at least INR 134,386.03 available."
request_56,634.02,affordable_with_plan,partial_payment,2025-02-03:634.02|2025-02-15:247.54,2025-02-15,none,"Pay USD 634.02 today and the remaining USD 247.54 on 15 February 2025. This completes the full request and keeps the USD 2,100 minimum protected."
request_57,12907.47,affordable_with_plan,installments,2026-04-05:3891.58|2026-05-05:3891.58|2026-06-05:3891.58|2026-07-05:3891.58|2026-08-05:3891.58|2026-09-05:3891.58|2026-10-05:3891.58|2026-11-05:3891.58|2026-12-05:3891.58|2027-01-05:3891.58|2027-02-05:3891.58|2027-03-05:3891.58|2027-04-05:3891.58|2027-05-05:3891.58|2027-06-05:3891.58|2027-07-05:3891.58|2027-08-05:3891.58|2027-09-05:3891.58,2026-06-15,none,"Use 18 installments of ZAR 3,891.58, starting 05 April 2026. This leaves at least ZAR 51,715.89 available."
request_58,14733440.84,affordable_with_plan,full_payment,2024-12-07:16226000,2024-12-07,stop:event_5357|stop:event_5358,"Stop the delivery membership and Stop the gym, then pay IDR 16,226,000 today. This leaves at least IDR 15,700,140.84 available."
request_59,140600.0,affordable_now,full_payment,2025-05-04:140600,2025-05-04,none,"Pay INR 140,600 today. This leaves at least INR 367,509.99 available over the next 90 days."
request_60,130.85,affordable_with_plan,partial_payment,2026-01-06:130.85|2026-01-15:69.04,2026-01-15,none,Pay USD 130.85 today and the remaining USD 69.04 on 15 January 2026. This completes the full request and keeps the USD 400 minimum protected.
request_61,29062.0,affordable_now,full_payment,2024-03-03:29062,2024-03-03,none,"Pay ZAR 29,062 today. This leaves at least ZAR 39,633.96 available over the next 90 days."
request_62,404.23,affordable_now,full_payment,2025-08-05:404.23,2025-08-05,none,"Pay USD 404.23 today. This leaves at least USD 4,483.81 available over the next 90 days."
request_63,48485.03,affordable_with_plan,installments,2026-07-14:21780.33|2026-08-14:21780.33|2026-09-14:21780.33|2026-10-14:21780.33|2026-11-14:21780.33|2026-12-14:21780.33|2027-01-14:21780.33|2027-02-14:21780.33|2027-03-14:21780.33|2027-04-14:21780.33|2027-05-14:21780.33|2027-06-14:21780.33|2027-07-14:21780.33|2027-08-14:21780.33|2027-09-14:21780.33|2027-10-14:21780.33|2027-11-14:21780.33|2027-12-14:21780.33,2026-07-07,none,"Use 18 installments of INR 21,780.33, starting 14 July 2026. This leaves at least INR 180,204.70 available."
request_64,0.0,not_affordable,not_recommended,none,,none,"Do not make this payment by 16 August 2024. None of the available options keeps the INR 36,100 minimum protected."
request_65,5813.57,affordable_with_plan,installments,2025-11-06:3984.93|2025-12-06:3984.93|2026-01-06:3984.93|2026-02-06:3984.93|2026-03-06:3984.93|2026-04-06:3984.93|2026-05-06:3984.93|2026-06-06:3984.93|2026-07-06:3984.93|2026-08-06:3984.93|2026-09-06:3984.93|2026-10-06:3984.93|2026-11-06:3984.93|2026-12-06:3984.93|2027-01-06:3984.93,2025-11-06,none,"Use 15 installments of ZAR 3,984.93, starting 06 November 2025. This leaves at least ZAR 17,328.64 available."
request_66,22200.0,affordable_now,full_payment,2026-04-03:22200,2026-04-03,none,"Pay INR 22,200 today. This leaves at least INR 248,138.64 available over the next 90 days."
request_67,298.57,affordable_with_plan,installments,2024-09-12:117.66|2024-10-12:117.66|2024-11-12:117.66|2024-12-12:117.66|2025-01-12:117.66|2025-02-12:117.66|2025-03-12:117.66|2025-04-12:117.66|2025-05-12:117.66|2025-06-12:117.66|2025-07-12:117.66|2025-08-12:117.66|2025-09-12:117.66|2025-10-12:117.66|2025-11-12:117.66|2025-12-12:117.66|2026-01-12:117.66|2026-02-12:117.66|2026-03-12:117.66|2026-04-12:117.66|2026-05-12:117.66,2024-11-15,none,"Use 21 installments of USD 117.66, starting 12 September 2024. This leaves at least USD 1,380.91 available."
request_68,1328.67,affordable_with_plan,installments,2025-02-21:153.38|2025-03-21:153.38|2025-04-21:153.38|2025-05-21:153.38|2025-06-21:153.38|2025-07-21:153.38|2025-08-21:153.38|2025-09-21:153.38|2025-10-21:153.38|2025-11-21:153.38|2025-12-21:153.38|2026-01-21:153.38|2026-02-21:153.38|2026-03-21:153.38|2026-04-21:153.38,2025-03-23,none,"Use 15 installments of USD 153.38, starting 21 February 2025. This leaves at least USD 2,675.29 available."
request_69,529.1,affordable_now,full_payment,2026-01-04:529.10,2026-01-04,none,Pay EUR 529.10 today. This leaves at least EUR 725.25 available over the next 90 days.
request_70,49776.99,affordable_with_plan,installments,2024-12-09:13704.86|2025-01-09:13704.86|2025-02-09:13704.86|2025-03-09:13704.86|2025-04-09:13704.86|2025-05-09:13704.86|2025-06-09:13704.86|2025-07-09:13704.86|2025-08-09:13704.86|2025-09-09:13704.86|2025-10-09:13704.86|2025-11-09:13704.86|2025-12-09:13704.86|2026-01-09:13704.86|2026-02-09:13704.86|2026-03-09:13704.86|2026-04-09:13704.86|2026-05-09:13704.86|2026-06-09:13704.86|2026-07-09:13704.86|2026-08-09:13704.86,2025-02-15,none,"Use 21 installments of INR 13,704.86, starting 09 December 2024. This leaves at least INR 151,072.13 available."
request_71,496039.62,not_affordable,not_recommended,none,,none,"Do not make this payment by 28 May 2025. None of the available options keeps the IDR 8,884,800 minimum protected."
request_72,11330.0,affordable_now,full_payment,2026-07-05:11330,2026-07-05,none,"Pay ZAR 11,330 today. This leaves at least ZAR 12,454.28 available over the next 90 days."
request_73,71400.0,affordable_now,full_payment,2023-01-20:71400,2023-01-20,none,"Pay INR 71,400 today. This leaves at least INR 109,298.69 available over the next 90 days."
request_74,5010.0,affordable_now,full_payment,2025-08-04:5010,2025-08-04,none,"Pay ZAR 5,010 today. This leaves at least ZAR 63,663.91 available over the next 90 days."
request_75,19468.61,affordable_with_plan,full_payment,2026-04-06:28270,2026-04-06,stop:event_6960|reduce_to:event_6961:419.76|reduce_to:event_6998:991.10,"Stop the streaming and Reduce the shopping to ZAR 419.76 and Reduce the dining to ZAR 991.10, then pay ZAR 28,270 today. This leaves at least ZAR 39,812.08 available."
request_76,711.23,affordable_with_plan,installments,2024-06-17:250.36|2024-07-17:250.36|2024-08-17:250.36|2024-09-17:250.36|2024-10-17:250.36|2024-11-17:250.36|2024-12-17:250.36|2025-01-17:250.36|2025-02-17:250.36|2025-03-17:250.36|2025-04-17:250.36|2025-05-17:250.36|2025-06-17:250.36|2025-07-17:250.36|2025-08-17:250.36|2025-09-17:250.36|2025-10-17:250.36|2025-11-17:250.36|2025-12-17:250.36|2026-01-17:250.36|2026-02-17:250.36,2024-06-24,none,"Use 21 installments of USD 250.36, starting 17 June 2024. This leaves at least USD 2,511.23 available."
request_77,60700.0,affordable_now,full_payment,2025-11-05:60700,2025-11-05,none,"Pay INR 60,700 today. This leaves at least INR 86,737.98 available over the next 90 days."
request_78,48330.57,affordable_with_plan,full_payment,2025-10-02:50200,2025-10-02,stop:event_7224|reduce_to:event_7225:1480,"Stop the streaming and Reduce the shopping to INR 1,480, then pay INR 50,200 today. This leaves at least INR 56,819.48 available."
request_79,312.04,affordable_with_plan,installments,2024-09-11:120.90|2024-10-11:120.90|2024-11-11:120.90|2024-12-11:120.90|2025-01-11:120.90|2025-02-11:120.90|2025-03-11:120.90|2025-04-11:120.90|2025-05-11:120.90|2025-06-11:120.90|2025-07-11:120.90|2025-08-11:120.90|2025-09-11:120.90|2025-10-11:120.90|2025-11-11:120.90|2025-12-11:120.90|2026-01-11:120.90|2026-02-11:120.90|2026-03-11:120.90|2026-04-11:120.90|2026-05-11:120.90,2024-09-04,none,"Use 21 installments of EUR 120.90, starting 11 September 2024. This leaves at least EUR 1,191.14 available."
request_80,105991.44,affordable_with_plan,installments,2025-02-20:15950|2025-03-20:15950|2025-04-20:15950|2025-05-20:15950|2025-06-20:15950|2025-07-20:15950|2025-08-20:15950|2025-09-20:15950|2025-10-20:15950|2025-11-20:15950|2025-12-20:15950|2026-01-20:15950|2026-02-20:15950|2026-03-20:15950|2026-04-20:15950,2025-02-06,none,"Use 15 installments of INR 15,950, starting 20 February 2025. This leaves at least INR 195,391.44 available."
request_81,2076.0,affordable_now,full_payment,2026-07-03:2076,2026-07-03,none,"Pay USD 2,076 today. This leaves at least USD 1,709.74 available over the next 90 days."
request_82,320.63,affordable_with_plan,installments,2024-12-08:78.96|2025-01-08:78.96|2025-02-08:78.96|2025-03-08:78.96|2025-04-08:78.96|2025-05-08:78.96|2025-06-08:78.96|2025-07-08:78.96|2025-08-08:78.96|2025-09-08:78.96|2025-10-08:78.96|2025-11-08:78.96|2025-12-08:78.96|2026-01-08:78.96|2026-02-08:78.96|2026-03-08:78.96|2026-04-08:78.96|2026-05-08:78.96|2026-06-08:78.96|2026-07-08:78.96|2026-08-08:78.96,2025-02-15,none,"Use 21 installments of USD 78.96, starting 08 December 2024. This leaves at least USD 1,341.67 available."
request_83,9839.3,not_affordable,not_recommended,none,,none,"Do not make this payment by 17 June 2025. None of the available options keeps the INR 37,800 minimum protected."
request_84,30018.84,affordable_with_plan,installments,2026-04-18:6042|2026-05-18:6042|2026-06-18:6042|2026-07-18:6042|2026-08-18:6042|2026-09-18:6042|2026-10-18:6042|2026-11-18:6042|2026-12-18:6042|2027-01-18:6042|2027-02-18:6042|2027-03-18:6042|2027-04-18:6042|2027-05-18:6042|2027-06-18:6042|2027-07-18:6042|2027-08-18:6042|2027-09-18:6042,2026-06-15,none,"Use 18 installments of INR 6,042, starting 18 April 2026. This leaves at least INR 121,318.84 available."
request_85,371322.01,affordable_later,wait,2024-03-15:19304000,2024-03-15,none,"Pay IDR 19,304,000 in full on 15 March 2024. Paying earlier would take the balance below the IDR 6,396,300 minimum."
request_86,46300.0,affordable_now,full_payment,2025-08-03:46300,2025-08-03,none,"Pay INR 46,300 today. This leaves at least INR 88,852.69 available over the next 90 days."
request_87,22265.1,not_affordable,not_recommended,none,,none,"Do not make this payment by 15 March 2026. None of the available options keeps the INR 185,900 minimum protected."
request_88,10759.01,affordable_with_plan,installments,2024-06-14:9045.23|2024-07-14:9045.23|2024-08-14:9045.23,2024-07-15,none,"Use 3 installments of ZAR 9,045.23, starting 14 June 2024. This leaves at least ZAR 27,513.78 available."
request_89,9317818.31,affordable_with_plan,installments,2025-11-18:4768746.67|2025-12-18:4768746.67|2026-01-18:4768746.67,2026-01-15,none,"Use 3 installments of IDR 4,768,746.67, starting 18 November 2025. This leaves at least IDR 15,234,237.24 available."
request_90,2560.0,affordable_now,full_payment,2026-07-06:2560,2026-07-06,none,"Pay ZAR 2,560 today. This leaves at least ZAR 28,377.18 available over the next 90 days."
request_91,314.76,affordable_with_plan,installments,2024-09-10:108.29|2024-10-10:108.29|2024-11-10:108.29|2024-12-10:108.29|2025-01-10:108.29|2025-02-10:108.29|2025-03-10:108.29|2025-04-10:108.29|2025-05-10:108.29|2025-06-10:108.29|2025-07-10:108.29|2025-08-10:108.29|2025-09-10:108.29|2025-10-10:108.29|2025-11-10:108.29|2025-12-10:108.29|2026-01-10:108.29|2026-02-10:108.29|2026-03-10:108.29|2026-04-10:108.29|2026-05-10:108.29,2024-11-15,none,"Use 21 installments of EUR 108.29, starting 10 September 2024. This leaves at least EUR 2,306.47 available."
request_92,34034.0,affordable_now,full_payment,2025-02-05:34034,2025-02-05,none,"Pay ZAR 34,034 today. This leaves at least ZAR 29,911.62 available over the next 90 days."
request_93,1729.2,affordable_now,full_payment,2026-04-07:1729.20,2026-04-07,none,"Pay USD 1,729.20 today. This leaves at least USD 1,990.76 available over the next 90 days."
request_94,572.0,affordable_now,full_payment,2024-12-04:572,2024-12-04,none,"Pay EUR 572 today. This leaves at least EUR 2,038.25 available over the next 90 days."
request_95,5140.78,not_affordable,not_recommended,none,,none,"Do not make this payment by 14 July 2025. None of the available options keeps the INR 145,500 minimum protected."
request_96,72680.29,affordable_with_plan,installments,2026-01-17:5712.67|2026-02-17:5712.67|2026-03-17:5712.67|2026-04-17:5712.67|2026-05-17:5712.67|2026-06-17:5712.67|2026-07-17:5712.67|2026-08-17:5712.67|2026-09-17:5712.67|2026-10-17:5712.67|2026-11-17:5712.67|2026-12-17:5712.67|2027-01-17:5712.67|2027-02-17:5712.67|2027-03-17:5712.67|2027-04-17:5712.67|2027-05-17:5712.67|2027-06-17:5712.67,2026-02-15,none,"Use 18 installments of INR 5,712.67, starting 17 January 2026. This leaves at least INR 129,180.29 available."
request_97,1543.67,affordable_with_plan,installments,2024-03-19:8145.28|2024-04-19:8145.28|2024-05-19:8145.28,2024-04-15,none,"Use 3 installments of ZAR 8,145.28, starting 19 March 2024. This leaves at least ZAR 31,243.67 available."
request_98,8980.7,affordable_with_plan,installments,2025-08-10:1990.85|2025-09-10:1990.85|2025-10-10:1990.85|2025-11-10:1990.85|2025-12-10:1990.85|2026-01-10:1990.85|2026-02-10:1990.85|2026-03-10:1990.85|2026-04-10:1990.85|2026-05-10:1990.85|2026-06-10:1990.85|2026-07-10:1990.85|2026-08-10:1990.85|2026-09-10:1990.85|2026-10-10:1990.85,2025-10-15,none,"Use 15 installments of ZAR 1,990.85, starting 10 August 2025. This leaves at least ZAR 36,989.85 available."
request_99,17510.79,affordable_with_plan,full_payment,2026-07-04:18062,2026-07-04,stop:event_9188,"Stop the streaming, then pay ZAR 18,062 today. This leaves at least ZAR 49,600.39 available."
request_100,25197.46,affordable_with_plan,installments,2024-06-20:2085.45|2024-07-20:2085.45|2024-08-20:2085.45|2024-09-20:2085.45|2024-10-20:2085.45|2024-11-20:2085.45|2024-12-20:2085.45|2025-01-20:2085.45|2025-02-20:2085.45|2025-03-20:2085.45|2025-04-20:2085.45|2025-05-20:2085.45|2025-06-20:2085.45|2025-07-20:2085.45|2025-08-20:2085.45|2025-09-20:2085.45|2025-10-20:2085.45|2025-11-20:2085.45|2025-12-20:2085.45|2026-01-20:2085.45|2026-02-20:2085.45,2024-07-15,none,"Use 21 installments of ZAR 2,085.45, starting 20 June 2024. This leaves at least ZAR 57,697.46 available."
request_101,143500.0,affordable_now,full_payment,2025-11-03:143500,2025-11-03,none,"Pay INR 143,500 today. This leaves at least INR 203,810.30 available over the next 90 days."
request_102,1716.0,affordable_now,full_payment,2026-04-05:1716,2026-04-05,none,"Pay EUR 1,716 today. This leaves at least EUR 2,776.38 available over the next 90 days."
request_103,3460.44,not_affordable,not_recommended,none,,none,"Do not make this payment by 07 October 2024. None of the available options keeps the INR 125,500 minimum protected."
request_104,17204.0,affordable_now,full_payment,2025-02-04:17204,2025-02-04,none,"Pay ZAR 17,204 today. This leaves at least ZAR 29,462.33 available over the next 90 days."
request_105,53500.0,affordable_now,full_payment,2026-06-08:53500,2026-06-08,none,"Pay INR 53,500 today. This leaves at least INR 76,309.42 available over the next 90 days."
request_106,461.35,affordable_with_plan,installments,2024-12-06:124.05|2025-01-06:124.05|2025-02-06:124.05|2025-03-06:124.05|2025-04-06:124.05|2025-05-06:124.05|2025-06-06:124.05|2025-07-06:124.05|2025-08-06:124.05|2025-09-06:124.05|2025-10-06:124.05|2025-11-06:124.05|2025-12-06:124.05|2026-01-06:124.05|2026-02-06:124.05|2026-03-06:124.05|2026-04-06:124.05|2026-05-06:124.05|2026-06-06:124.05|2026-07-06:124.05|2026-08-06:124.05,2025-02-15,none,"Use 21 installments of EUR 124.05, starting 06 December 2024. This leaves at least EUR 1,537.30 available."
request_107,0.0,not_affordable,not_recommended,none,,none,"Do not make this payment by 04 July 2025. None of the available options keeps the EUR 1,600 minimum protected."
request_108,1806.96,affordable_with_plan,installments,2026-07-21:3502.84|2026-08-21:3502.84|2026-09-21:3502.84|2026-10-21:3502.84|2026-11-21:3502.84|2026-12-21:3502.84|2027-01-21:3502.84|2027-02-21:3502.84|2027-03-21:3502.84|2027-04-21:3502.84|2027-05-21:3502.84|2027-06-21:3502.84|2027-07-21:3502.84|2027-08-21:3502.84|2027-09-21:3502.84|2027-10-21:3502.84|2027-11-21:3502.84|2027-12-21:3502.84,2026-08-15,none,"Use 18 installments of ZAR 3,502.84, starting 21 July 2026. This leaves at least ZAR 25,906.96 available."
request_109,527.51,affordable_with_plan,installments,2024-03-18:645.98|2024-04-18:645.98|2024-05-18:645.98,2024-05-15,none,"Use 3 installments of EUR 645.98, starting 18 March 2024. This leaves at least EUR 1,929.03 available."
request_110,22352.0,affordable_now,full_payment,2025-08-06:22352,2025-08-06,none,"Pay ZAR 22,352 today. This leaves at least ZAR 37,680.42 available over the next 90 days."
request_111,16625000.0,affordable_now,full_payment,2026-04-03:16625000,2026-04-03,none,"Pay IDR 16,625,000 today. This leaves at least IDR 27,132,803.03 available over the next 90 days."
request_112,271.7,affordable_now,full_payment,2024-06-05:271.70,2024-06-05,none,Pay EUR 271.70 today. This leaves at least EUR 517.94 available over the next 90 days.
request_113,21846.78,affordable_with_plan,partial_payment,2026-09-04:21846.78|2026-09-15:14653.22,2026-09-15,none,"Pay INR 21,846.78 today and the remaining INR 14,653.22 on 15 September 2026. This completes the full request and keeps the INR 82,300 minimum protected."
request_114,59227.22,affordable_with_plan,installments,2026-01-11:11754|2026-02-11:11754|2026-03-11:11754|2026-04-11:11754|2026-05-11:11754|2026-06-11:11754,2026-01-15,none,"Use 6 installments of INR 11,754, starting 11 January 2026. This leaves at least INR 160,873.22 available."
request_115,14644.65,affordable_with_plan,installments,2024-09-13:4523.33|2024-10-13:4523.33|2024-11-13:4523.33|2024-12-13:4523.33|2025-01-13:4523.33|2025-02-13:4523.33|2025-03-13:4523.33|2025-04-13:4523.33|2025-05-13:4523.33|2025-06-13:4523.33|2025-07-13:4523.33|2025-08-13:4523.33|2025-09-13:4523.33|2025-10-13:4523.33|2025-11-13:4523.33|2025-12-13:4523.33|2026-01-13:4523.33|2026-02-13:4523.33|2026-03-13:4523.33|2026-04-13:4523.33|2026-05-13:4523.33,2024-11-15,none,"Use 21 installments of INR 4,523.33, starting 13 September 2024. This leaves at least INR 48,921.32 available."
request_116,8036.01,not_affordable,not_recommended,none,,none,"Do not make this payment by 16 April 2025. None of the available options keeps the INR 80,300 minimum protected."
request_117,857.65,affordable_with_plan,full_payment,2026-07-05:880,2026-07-05,stop:event_10833|reduce_to:event_10878:20.50,"Stop the streaming and Reduce the dining to EUR 20.50, then pay EUR 880 today. This leaves at least EUR 1,019.25 available."
request_118,649.16,affordable_with_plan,installments,2024-12-10:41.47|2025-01-10:41.47|2025-02-10:41.47|2025-03-10:41.47|2025-04-10:41.47|2025-05-10:41.47|2025-06-10:41.47|2025-07-10:41.47|2025-08-10:41.47|2025-09-10:41.47|2025-10-10:41.47|2025-11-10:41.47|2025-12-10:41.47|2026-01-10:41.47|2026-02-10:41.47|2026-03-10:41.47|2026-04-10:41.47|2026-05-10:41.47|2026-06-10:41.47|2026-07-10:41.47|2026-08-10:41.47,2025-02-15,none,"Use 21 installments of EUR 41.47, starting 10 December 2024. This leaves at least EUR 1,200.08 available."
request_119,59490.35,affordable_with_plan,installments,2025-05-18:70546.67|2025-06-18:70546.67|2025-07-18:70546.67,2025-06-15,none,"Use 3 installments of INR 70,546.67, starting 18 May 2025. This leaves at least INR 210,690.35 available."
request_120,7714000.0,affordable_now,full_payment,2026-04-06:7714000,2026-04-06,none,"Pay IDR 7,714,000 today. This leaves at least IDR 20,825,453.43 available over the next 90 days."
request_121,633.6,affordable_now,full_payment,2024-03-03:633.60,2024-03-03,none,Pay USD 633.60 today. This leaves at least USD 852.76 available over the next 90 days.
request_122,20558000.0,affordable_now,full_payment,2025-08-05:20558000,2025-08-05,none,"Pay IDR 20,558,000 today. This leaves at least IDR 34,529,495.23 available over the next 90 days."
request_123,4076000.0,affordable_now,full_payment,2026-01-07:4076000,2026-01-07,none,"Pay IDR 4,076,000 today. This leaves at least IDR 54,842,497.08 available over the next 90 days."
request_124,1386.46,affordable_with_plan,installments,2024-06-18:174.43|2024-07-18:174.43|2024-08-18:174.43|2024-09-18:174.43|2024-10-18:174.43|2024-11-18:174.43|2024-12-18:174.43|2025-01-18:174.43|2025-02-18:174.43|2025-03-18:174.43|2025-04-18:174.43|2025-05-18:174.43|2025-06-18:174.43|2025-07-18:174.43|2025-08-18:174.43|2025-09-18:174.43|2025-10-18:174.43|2025-11-18:174.43|2025-12-18:174.43|2026-01-18:174.43|2026-02-18:174.43,2024-08-15,none,"Use 21 installments of EUR 174.43, starting 18 June 2024. This leaves at least EUR 2,986.46 available."
request_125,5806.56,affordable_with_plan,full_payment,2025-11-06:6468,2025-11-06,stop:event_11519|reduce_to:event_11602:223.30,"Stop the cloud storage and Reduce the dining to ZAR 223.30, then pay ZAR 6,468 today. This leaves at least ZAR 11,301.47 available."
request_126,159600.0,affordable_now,full_payment,2026-07-03:159600,2026-07-03,none,"Pay INR 159,600 today. This leaves at least INR 191,914.70 available over the next 90 days."
request_127,7458.96,affordable_with_plan,partial_payment,2024-09-05:7458.96|2024-10-15:16521.04,2024-10-15,none,"Pay ZAR 7,458.96 today and the remaining ZAR 16,521.04 on 15 October 2024. This completes the full request and keeps the ZAR 41,000 minimum protected."
request_128,25168.0,affordable_now,full_payment,2025-02-07:25168,2025-02-07,none,"Pay ZAR 25,168 today. This leaves at least ZAR 43,868.13 available over the next 90 days."
request_129,112.95,not_affordable,not_recommended,none,,none,Do not make this payment by 18 June 2026. None of the available options keeps the USD 800 minimum protected.
request_130,365.57,affordable_with_plan,installments,2024-12-09:111.19|2025-01-09:111.19|2025-02-09:111.19|2025-03-09:111.19|2025-04-09:111.19|2025-05-09:111.19|2025-06-09:111.19|2025-07-09:111.19|2025-08-09:111.19|2025-09-09:111.19|2025-10-09:111.19|2025-11-09:111.19|2025-12-09:111.19|2026-01-09:111.19|2026-02-09:111.19|2026-03-09:111.19|2026-04-09:111.19|2026-05-09:111.19|2026-06-09:111.19|2026-07-09:111.19|2026-08-09:111.19,2025-02-15,none,"Use 21 installments of USD 111.19, starting 09 December 2024. This leaves at least USD 1,654.38 available."
request_131,1128.23,affordable_with_plan,installments,2025-05-10:136.05|2025-06-10:136.05|2025-07-10:136.05|2025-08-10:136.05|2025-09-10:136.05|2025-10-10:136.05|2025-11-10:136.05|2025-12-10:136.05|2026-01-10:136.05|2026-02-10:136.05|2026-03-10:136.05|2026-04-10:136.05|2026-05-10:136.05|2026-06-10:136.05|2026-07-10:136.05,2025-07-23,none,"Use 15 installments of USD 136.05, starting 10 May 2025. This leaves at least USD 2,092.18 available."
request_132,284.79,affordable_with_plan,partial_payment,2026-01-05:284.79|2026-01-15:95.07,2026-01-15,none,"Pay USD 284.79 today and the remaining USD 95.07 on 15 January 2026. This completes the full request and keeps the USD 1,100 minimum protected."
request_133,0.0,not_affordable,not_recommended,none,,none,"Do not make this payment by 29 March 2024. None of the available options keeps the IDR 9,986,200 minimum protected."
request_134,4421542.62,affordable_with_plan,installments,2025-08-07:1600940|2025-09-07:1600940|2025-10-07:1600940|2025-11-07:1600940|2025-12-07:1600940|2026-01-07:1600940|2026-02-07:1600940|2026-03-07:1600940|2026-04-07:1600940|2026-05-07:1600940|2026-06-07:1600940|2026-07-07:1600940|2026-08-07:1600940|2026-09-07:1600940|2026-10-07:1600940,2025-10-15,none,"Use 15 installments of IDR 1,600,940, starting 07 August 2025. This leaves at least IDR 18,723,102.62 available."
request_135,304.8,affordable_now,full_payment,2026-07-06:304.80,2026-07-06,none,Pay USD 304.80 today. This leaves at least USD 516.03 available over the next 90 days.
request_136,536.46,affordable_with_plan,full_payment,2024-06-03:560.40,2024-06-03,reduce_to:event_12498:27.20,"Reduce the shopping to USD 27.20, then pay USD 560.40 today. This leaves at least USD 1,119.30 available."
request_137,19243.95,affordable_with_plan,installments,2025-11-05:5874|2025-12-05:5874|2026-01-05:5874|2026-02-05:5874|2026-03-05:5874|2026-04-05:5874|2026-05-05:5874|2026-06-05:5874|2026-07-05:5874|2026-08-05:5874|2026-09-05:5874|2026-10-05:5874|2026-11-05:5874|2026-12-05:5874|2027-01-05:5874,2025-11-05,none,"Use 15 installments of INR 5,874, starting 05 November 2025. This leaves at least INR 73,421.95 available."
request_138,968.21,affordable_with_plan,partial_payment,2026-04-07:968.21|2026-04-15:288.73,2026-04-15,none,"Pay EUR 968.21 today and the remaining EUR 288.73 on 15 April 2026. This completes the full request and keeps the EUR 2,300 minimum protected."
request_139,1331.2,affordable_with_plan,installments,2024-09-11:130.14|2024-10-11:130.14|2024-11-11:130.14|2024-12-11:130.14|2025-01-11:130.14|2025-02-11:130.14|2025-03-11:130.14|2025-04-11:130.14|2025-05-11:130.14|2025-06-11:130.14|2025-07-11:130.14|2025-08-11:130.14|2025-09-11:130.14|2025-10-11:130.14|2025-11-11:130.14|2025-12-11:130.14|2026-01-11:130.14|2026-02-11:130.14|2026-03-11:130.14|2026-04-11:130.14|2026-05-11:130.14,2024-11-15,none,"Use 21 installments of USD 130.14, starting 11 September 2024. This leaves at least USD 2,701.06 available."
request_140,1421.55,not_affordable,not_recommended,none,,none,"Do not make this payment by 04 March 2025. None of the available options keeps the ZAR 21,600 minimum protected."
request_141,20712.85,affordable_with_plan,installments,2026-01-03:10868|2026-02-03:10868|2026-03-03:10868|2026-04-03:10868|2026-05-03:10868|2026-06-03:10868|2026-07-03:10868|2026-08-03:10868|2026-09-03:10868|2026-10-03:10868|2026-11-03:10868|2026-12-03:10868|2027-01-03:10868|2027-02-03:10868|2027-03-03:10868|2027-04-03:10868|2027-05-03:10868|2027-06-03:10868,2026-01-03,none,"Use 18 installments of INR 10,868, starting 03 January 2026. This leaves at least INR 77,144.85 available."
request_142,1263.6,affordable_now,full_payment,2024-12-05:1263.60,2024-12-05,none,"Pay USD 1,263.60 today. This leaves at least USD 4,566.20 available over the next 90 days."
request_143,2545.46,affordable_with_plan,installments,2025-05-14:922.83|2025-06-14:922.83|2025-07-14:922.83|2025-08-14:922.83|2025-09-14:922.83|2025-10-14:922.83|2025-11-14:922.83|2025-12-14:922.83|2026-01-14:922.83|2026-02-14:922.83|2026-03-14:922.83|2026-04-14:922.83|2026-05-14:922.83|2026-06-14:922.83|2026-07-14:922.83,2025-07-15,none,"Use 15 installments of ZAR 922.83, starting 14 May 2025. This leaves at least ZAR 12,922.63 available."
request_144,233.34,affordable_now,full_payment,2026-07-04:233.34,2026-07-04,none,Pay USD 233.34 today. This leaves at least USD 615.26 available over the next 90 days.
request_145,27963.52,affordable_with_plan,partial_payment,2024-03-06:27963.52|2024-05-15:189436.48,2024-05-15,none,"Pay INR 27,963.52 today and the remaining INR 189,436.48 on 15 May 2024. This completes the full request and keeps the INR 155,400 minimum protected."
request_146,15750.3,affordable_with_plan,installments,2025-08-17:22844.50|2025-09-17:22844.50|2025-10-17:22844.50|2025-11-17:22844.50|2025-12-17:22844.50|2026-01-17:22844.50|2026-02-17:22844.50|2026-03-17:22844.50|2026-04-17:22844.50|2026-05-17:22844.50|2026-06-17:22844.50|2026-07-17:22844.50|2026-08-17:22844.50|2026-09-17:22844.50|2026-10-17:22844.50|2026-11-17:22844.50|2026-12-17:22844.50|2027-01-17:22844.50|2027-02-17:22844.50|2027-03-17:22844.50|2027-04-17:22844.50|2027-05-17:22844.50|2027-06-17:22844.50|2027-07-17:22844.50,2025-08-03,none,"Use 24 installments of INR 22,844.50, starting 17 August 2025. This leaves at least INR 124,350.30 available."
request_147,470.95,affordable_with_plan,partial_payment,2026-04-05:470.95|2026-05-15:658.75,2026-05-15,none,Pay EUR 470.95 today and the remaining EUR 658.75 on 15 May 2026. This completes the full request and keeps the EUR 900 minimum protected.
request_148,7103.71,affordable_with_plan,partial_payment,2024-06-07:7103.71|2024-08-15:15138.29,2024-08-15,none,"Pay ZAR 7,103.71 today and the remaining ZAR 15,138.29 on 15 August 2024. This completes the full request and keeps the ZAR 20,000 minimum protected."
request_149,24839.7,affordable_with_plan,installments,2025-11-18:12706.03|2025-12-18:12706.03|2026-01-18:12706.03,2026-01-15,none,"Use 3 installments of ZAR 12,706.03, starting 18 November 2025. This leaves at least ZAR 49,205.01 available."
request_150,275.1,affordable_with_plan,installments,2026-01-06:171.98|2026-02-06:171.98|2026-03-06:171.98,2026-02-15,none,"Use 3 installments of EUR 171.98, starting 06 January 2026. This leaves at least EUR 731.17 available."
request_151,26999000.0,affordable_now,full_payment,2024-09-03:26999000,2024-09-03,none,"Pay IDR 26,999,000 today. This leaves at least IDR 32,276,333.23 available over the next 90 days."
request_152,11112.27,affordable_with_plan,installments,2025-02-19:1018.01|2025-03-19:1018.01|2025-04-19:1018.01|2025-05-19:1018.01|2025-06-19:1018.01|2025-07-19:1018.01|2025-08-19:1018.01|2025-09-19:1018.01|2025-10-19:1018.01|2025-11-19:1018.01|2025-12-19:1018.01|2026-01-19:1018.01|2026-02-19:1018.01|2026-03-19:1018.01|2026-04-19:1018.01,2025-04-15,none,"Use 15 installments of ZAR 1,018.01, starting 19 February 2025. This leaves at least ZAR 22,849.62 available."
request_153,11.95,not_affordable,not_recommended,none,,none,"Do not make this payment by 24 September 2026. None of the available options keeps the USD 1,400 minimum protected."
request_154,1625.8,affordable_now,full_payment,2024-12-04:1625.80,2024-12-04,none,"Pay EUR 1,625.80 today. This leaves at least EUR 2,416.14 available over the next 90 days."
request_155,112500.0,affordable_now,full_payment,2025-05-06:112500,2025-05-06,none,"Pay INR 112,500 today. This leaves at least INR 80,188.90 available over the next 90 days."
request_156,8483.69,affordable_with_plan,installments,2026-04-17:2728.15|2026-05-17:2728.15|2026-06-17:2728.15|2026-07-17:2728.15|2026-08-17:2728.15|2026-09-17:2728.15|2026-10-17:2728.15|2026-11-17:2728.15|2026-12-17:2728.15|2027-01-17:2728.15|2027-02-17:2728.15|2027-03-17:2728.15|2027-04-17:2728.15|2027-05-17:2728.15|2027-06-17:2728.15|2027-07-17:2728.15|2027-08-17:2728.15|2027-09-17:2728.15,2026-06-15,none,"Use 18 installments of ZAR 2,728.15, starting 17 April 2026. This leaves at least ZAR 35,383.69 available."
request_157,4756451.87,affordable_with_plan,partial_payment,2024-03-05:4756451.87|2024-05-15:18746548.13,2024-05-15,none,"Pay IDR 4,756,451.87 today and the remaining IDR 18,746,548.13 on 15 May 2024. This completes the full request and keeps the IDR 15,714,100 minimum protected."
request_158,242600.0,affordable_now,full_payment,2025-08-07:242600,2025-08-07,none,"Pay INR 242,600 today. This leaves at least INR 489,629.51 available over the next 90 days."
request_159,13398.0,affordable_now,full_payment,2026-01-04:13398,2026-01-04,none,"Pay ZAR 13,398 today. This leaves at least ZAR 17,822 available over the next 90 days."
request_160,573.88,affordable_with_plan,partial_payment,2024-06-06:573.88|2024-07-15:672.42,2024-07-15,none,"Pay EUR 573.88 today and the remaining EUR 672.42 on 15 July 2024. This completes the full request and keeps the EUR 1,200 minimum protected."
request_161,0.0,not_affordable,not_recommended,none,,none,"Do not make this payment by 15 January 2026. None of the available options keeps the IDR 23,010,400 minimum protected."
request_162,1354293.9,affordable_with_plan,installments,2026-07-19:4266085.83|2026-08-19:4266085.83|2026-09-19:4266085.83|2026-10-19:4266085.83|2026-11-19:4266085.83|2026-12-19:4266085.83|2027-01-19:4266085.83|2027-02-19:4266085.83|2027-03-19:4266085.83|2027-04-19:4266085.83|2027-05-19:4266085.83|2027-06-19:4266085.83|2027-07-19:4266085.83|2027-08-19:4266085.83|2027-09-19:4266085.83|2027-10-19:4266085.83|2027-11-19:4266085.83|2027-12-19:4266085.83|2028-01-19:4266085.83|2028-02-19:4266085.83|2028-03-19:4266085.83|2028-04-19:4266085.83|2028-05-19:4266085.83|2028-06-19:4266085.83,2026-07-05,none,"Use 24 installments of IDR 4,266,085.83, starting 19 July 2026. This leaves at least IDR 25,515,393.90 available."
request_163,8748045.52,affordable_with_plan,installments,2024-09-14:1084700.95|2024-10-14:1084700.95|2024-11-14:1084700.95|2024-12-14:1084700.95|2025-01-14:1084700.95|2025-02-14:1084700.95|2025-03-14:1084700.95|2025-04-14:1084700.95|2025-05-14:1084700.95|2025-06-14:1084700.95|2025-07-14:1084700.95|2025-08-14:1084700.95|2025-09-14:1084700.95|2025-10-14:1084700.95|2025-11-14:1084700.95|2025-12-14:1084700.95|2026-01-14:1084700.95|2026-02-14:1084700.95|2026-03-14:1084700.95|2026-04-14:1084700.95|2026-05-14:1084700.95,2024-11-15,none,"Use 21 installments of IDR 1,084,700.95, starting 14 September 2024. This leaves at least IDR 34,392,044.57 available."
request_164,27018000.0,affordable_now,full_payment,2025-02-04:27018000,2025-02-04,none,"Pay IDR 27,018,000 today. This leaves at least IDR 32,287,043.48 available over the next 90 days."
request_165,80600.0,affordable_now,full_payment,2026-04-06:80600,2026-04-06,none,"Pay INR 80,600 today. This leaves at least INR 95,864.71 available over the next 90 days."
request_166,2907.6,affordable_now,full_payment,2024-12-03:2907.60,2024-12-03,none,"Pay USD 2,907.60 today. This leaves at least USD 5,411.47 available over the next 90 days."
request_167,43802.0,affordable_now,full_payment,2025-05-05:43802,2025-05-05,none,"Pay ZAR 43,802 today. This leaves at least ZAR 36,469.05 available over the next 90 days."
request_168,30579.55,affordable_with_plan,partial_payment,2026-01-07:30579.55|2026-01-15:18800.45,2026-01-15,none,"Pay INR 30,579.55 today and the remaining INR 18,800.45 on 15 January 2026. This completes the full request and keeps the INR 114,400 minimum protected."
request_169,41976.0,affordable_now,full_payment,2024-03-04:41976,2024-03-04,none,"Pay ZAR 41,976 today. This leaves at least ZAR 24,338.84 available over the next 90 days."
request_170,30027648.74,affordable_with_plan,installments,2025-08-06:12804480|2025-09-06:12804480|2025-10-06:12804480,2025-09-15,none,"Use 3 installments of IDR 12,804,480, starting 06 August 2025. This leaves at least IDR 26,188,159.86 available."
request_171,35.57,not_affordable,not_recommended,none,,none,Do not make this payment by 10 September 2026. None of the available options keeps the EUR 500 minimum protected.
request_172,9121.0,affordable_with_plan,partial_payment,2024-06-05:9121|2024-06-15:1079,2024-06-15,none,"Pay ZAR 9,121 today and the remaining ZAR 1,079 on 15 June 2024. This completes the full request and keeps the ZAR 27,200 minimum protected."
request_173,54980.79,affordable_with_plan,partial_payment,2025-11-07:54980.79|2026-01-15:58019.21,2026-01-15,none,"Pay INR 54,980.79 today and the remaining INR 58,019.21 on 15 January 2026. This completes the full request and keeps the INR 79,100 minimum protected."
request_174,1146.2,affordable_now,full_payment,2026-04-04:1146.20,2026-04-04,none,"Pay EUR 1,146.20 today. This leaves at least EUR 719.66 available over the next 90 days."
request_175,2346.3,affordable_now,full_payment,2024-09-06:2346.30,2024-09-06,none,"Pay EUR 2,346.30 today. This leaves at least EUR 1,912.10 available over the next 90 days."
request_176,366.03,affordable_with_plan,installments,2025-02-17:90.91|2025-03-17:90.91|2025-04-17:90.91|2025-05-17:90.91|2025-06-17:90.91|2025-07-17:90.91|2025-08-17:90.91|2025-09-17:90.91|2025-10-17:90.91|2025-11-17:90.91|2025-12-17:90.91|2026-01-17:90.91|2026-02-17:90.91|2026-03-17:90.91|2026-04-17:90.91,2025-03-15,none,"Use 15 installments of EUR 90.91, starting 17 February 2025. This leaves at least EUR 966.03 available."
request_177,1017.6,affordable_now,full_payment,2026-01-05:1017.60,2026-01-05,none,"Pay USD 1,017.60 today. This leaves at least USD 1,426.35 available over the next 90 days."
request_178,2938.1,affordable_now,full_payment,2024-12-07:2938.10,2024-12-07,none,"Pay EUR 2,938.10 today. This leaves at least EUR 4,882.67 available over the next 90 days."
request_179,6454732.94,affordable_with_plan,installments,2025-05-11:3054186.67|2025-06-11:3054186.67|2025-07-11:3054186.67|2025-08-11:3054186.67|2025-09-11:3054186.67|2025-10-11:3054186.67|2025-11-11:3054186.67|2025-12-11:3054186.67|2026-01-11:3054186.67|2026-02-11:3054186.67|2026-03-11:3054186.67|2026-04-11:3054186.67|2026-05-11:3054186.67|2026-06-11:3054186.67|2026-07-11:3054186.67,2025-07-15,none,"Use 15 installments of IDR 3,054,186.67, starting 11 May 2025. This leaves at least IDR 44,831,346.27 available."
request_180,66500.0,affordable_now,full_payment,2026-07-06:66500,2026-07-06,none,"Pay INR 66,500 today. This leaves at least INR 47,530.38 available over the next 90 days."
request_181,302.55,not_affordable,not_recommended,none,,none,"Do not make this payment by 07 April 2024. None of the available options keeps the USD 2,000 minimum protected."
request_182,65714.0,affordable_now,full_payment,2025-08-05:65714,2025-08-05,none,"Pay ZAR 65,714 today. This leaves at least ZAR 42,629.96 available over the next 90 days."
request_183,24507388.01,affordable_with_plan,installments,2026-04-10:9313546.67|2026-05-10:9313546.67|2026-06-10:9313546.67,2026-04-15,none,"Use 3 installments of IDR 9,313,546.67, starting 10 April 2026. This leaves at least IDR 15,500,481.08 available."
request_184,10568.04,affordable_with_plan,installments,2024-06-18:14154.38|2024-07-18:14154.38|2024-08-18:14154.38|2024-09-18:14154.38|2024-10-18:14154.38|2024-11-18:14154.38|2024-12-18:14154.38|2025-01-18:14154.38|2025-02-18:14154.38|2025-03-18:14154.38|2025-04-18:14154.38|2025-05-18:14154.38|2025-06-18:14154.38|2025-07-18:14154.38|2025-08-18:14154.38|2025-09-18:14154.38|2025-10-18:14154.38|2025-11-18:14154.38|2025-12-18:14154.38|2026-01-18:14154.38|2026-02-18:14154.38,2024-06-04,none,"Use 21 installments of INR 14,154.38, starting 18 June 2024. This leaves at least INR 121,368.04 available."
request_185,322.71,affordable_with_plan,partial_payment,2025-11-06:322.71|2026-01-15:934.59,2026-01-15,none,"Pay EUR 322.71 today and the remaining EUR 934.59 on 15 January 2026. This completes the full request and keeps the EUR 1,300 minimum protected."
request_186,4910.86,affordable_with_plan,installments,2026-01-06:1681.75|2026-02-06:1681.75|2026-03-06:1681.75|2026-04-06:1681.75|2026-05-06:1681.75|2026-06-06:1681.75|2026-07-06:1681.75|2026-08-06:1681.75|2026-09-06:1681.75|2026-10-06:1681.75|2026-11-06:1681.75|2026-12-06:1681.75|2027-01-06:1681.75|2027-02-06:1681.75|2027-03-06:1681.75|2027-04-06:1681.75|2027-05-06:1681.75|2027-06-06:1681.75,2026-03-15,none,"Use 18 installments of ZAR 1,681.75, starting 06 January 2026. This leaves at least ZAR 25,229.11 available."
request_187,37759.83,affordable_with_plan,partial_payment,2024-09-05:37759.83|2024-11-15:149740.17,2024-11-15,none,"Pay INR 37,759.83 today and the remaining INR 149,740.17 on 15 November 2024. This completes the full request and keeps the INR 128,300 minimum protected."
request_188,103.87,not_affordable,not_recommended,none,,none,Do not make this payment by 04 March 2025. None of the available options keeps the EUR 900 minimum protected.
request_189,488.4,affordable_now,full_payment,2026-07-04:488.40,2026-07-04,none,Pay EUR 488.40 today. This leaves at least EUR 476.35 available over the next 90 days.
request_190,453.05,affordable_with_plan,installments,2024-12-09:143.71|2025-01-09:143.71|2025-02-09:143.71|2025-03-09:143.71|2025-04-09:143.71|2025-05-09:143.71|2025-06-09:143.71|2025-07-09:143.71|2025-08-09:143.71|2025-09-09:143.71|2025-10-09:143.71|2025-11-09:143.71|2025-12-09:143.71|2026-01-09:143.71|2026-02-09:143.71|2026-03-09:143.71|2026-04-09:143.71|2026-05-09:143.71|2026-06-09:143.71|2026-07-09:143.71|2026-08-09:143.71,2024-12-06,none,"Use 21 installments of EUR 143.71, starting 09 December 2024. This leaves at least EUR 1,909.34 available."
request_191,664.4,affordable_now,full_payment,2025-05-03:664.40,2025-05-03,none,Pay EUR 664.40 today. This leaves at least EUR 601.35 available over the next 90 days.
request_192,167.71,affordable_with_plan,installments,2026-04-19:129.58|2026-05-19:129.58|2026-06-19:129.58|2026-07-19:129.58|2026-08-19:129.58|2026-09-19:129.58|2026-10-19:129.58|2026-11-19:129.58|2026-12-19:129.58|2027-01-19:129.58|2027-02-19:129.58|2027-03-19:129.58|2027-04-19:129.58|2027-05-19:129.58|2027-06-19:129.58|2027-07-19:129.58|2027-08-19:129.58|2027-09-19:129.58,2026-04-05,none,"Use 18 installments of USD 129.58, starting 19 April 2026. This leaves at least USD 1,167.71 available."
request_193,29.47,affordable_with_plan,installments,2024-03-21:420.23|2024-04-21:420.23|2024-05-21:420.23,2024-05-15,none,"Use 3 installments of EUR 420.23, starting 21 March 2024. This leaves at least EUR 1,029.47 available."
request_194,32702.52,affordable_with_plan,installments,2025-08-07:9738.67|2025-09-07:9738.67|2025-10-07:9738.67|2025-11-07:9738.67|2025-12-07:9738.67|2026-01-07:9738.67|2026-02-07:9738.67|2026-03-07:9738.67|2026-04-07:9738.67|2026-05-07:9738.67|2026-06-07:9738.67|2026-07-07:9738.67|2026-08-07:9738.67|2026-09-07:9738.67|2026-10-07:9738.67,2025-10-23,none,"Use 15 installments of INR 9,738.67, starting 07 August 2025. This leaves at least INR 136,563.85 available."
request_195,1043.99,affordable_with_plan,partial_payment,2026-01-06:1043.99|2026-01-15:126.41,2026-01-15,none,"Pay EUR 1,043.99 today and the remaining EUR 126.41 on 15 January 2026. This completes the full request and keeps the EUR 700 minimum protected."
request_196,762.3,affordable_now,full_payment,2024-06-03:762.30,2024-06-03,none,Pay EUR 762.30 today. This leaves at least EUR 663.11 available over the next 90 days.
request_197,0.0,not_affordable,not_recommended,none,,none,"Do not make this payment by 21 January 2026. None of the available options keeps the IDR 26,245,900 minimum protected."
request_198,185800.0,affordable_now,full_payment,2026-07-07:185800,2026-07-07,none,"Pay INR 185,800 today. This leaves at least INR 164,801.83 available over the next 90 days."
request_199,23674000.0,affordable_now,full_payment,2024-09-04:23674000,2024-09-04,none,"Pay IDR 23,674,000 today. This leaves at least IDR 92,529,763.86 available over the next 90 days."
request_200,21717000.0,affordable_now,full_payment,2025-02-06:21717000,2025-02-06,none,"Pay IDR 21,717,000 today. This leaves at least IDR 24,266,443.10 available over the next 90 days."
request_201,23997000.0,affordable_now,full_payment,2026-04-03:23997000,2026-04-03,none,"Pay IDR 23,997,000 today. This leaves at least IDR 18,562,555.03 available over the next 90 days."
request_202,123900.0,affordable_now,full_payment,2024-12-05:123900,2024-12-05,none,"Pay INR 123,900 today. This leaves at least INR 166,912.70 available over the next 90 days."
request_203,1442.1,affordable_now,full_payment,2025-05-07:1442.10,2025-05-07,none,"Pay EUR 1,442.10 today. This leaves at least EUR 6,413.12 available over the next 90 days."
request_204,579.68,affordable_with_plan,full_payment,2026-01-04:588.74,2026-01-04,stop:event_18761,"Stop the delivery membership, then pay EUR 588.74 today. This leaves at least EUR 1,315.94 available."
request_205,10621000.0,affordable_now,full_payment,2024-03-06:10621000,2024-03-06,none,"Pay IDR 10,621,000 today. This leaves at least IDR 15,523,235.75 available over the next 90 days."
request_206,1404.7,affordable_now,full_payment,2025-08-03:1404.70,2025-08-03,none,"Pay EUR 1,404.70 today. This leaves at least EUR 3,280.68 available over the next 90 days."
request_207,4565.49,affordable_with_plan,partial_payment,2026-07-05:4565.49|2026-07-15:7264.51,2026-07-15,none,"Pay ZAR 4,565.49 today and the remaining ZAR 7,264.51 on 15 July 2026. This completes the full request and keeps the ZAR 13,600 minimum protected."
request_208,3081358.97,affordable_with_plan,partial_payment,2024-06-07:3081358.97|2024-06-15:1331641.03,2024-06-15,none,"Pay IDR 3,081,358.97 today and the remaining IDR 1,331,641.03 on 15 June 2024. This completes the full request and keeps the IDR 10,470,700 minimum protected."
request_209,1699.16,not_affordable,not_recommended,none,,none,"Do not make this payment by 25 November 2025. None of the available options keeps the ZAR 18,400 minimum protected."
request_210,991.06,affordable_with_plan,partial_payment,2026-04-06:991.06|2026-04-15:368.96,2026-04-15,none,"Pay USD 991.06 today and the remaining USD 368.96 on 15 April 2026. This completes the full request and keeps the USD 2,000 minimum protected."
request_211,260.65,affordable_with_plan,partial_payment,2024-09-03:260.65|2024-11-15:1527.95,2024-11-15,none,"Pay EUR 260.65 today and the remaining EUR 1,527.95 on 15 November 2024. This completes the full request and keeps the EUR 1,500 minimum protected."
request_212,4066284.08,not_affordable,not_recommended,none,,none,"Do not make this payment by 28 February 2025. None of the available options keeps the IDR 29,579,800 minimum protected."
request_213,3114.17,affordable_with_plan,full_payment,2026-01-07:3362.40,2026-01-07,stop:event_19548|stop:event_19549|reduce_to:event_19550:34.80,"Stop the cloud storage and Stop the streaming and Reduce the shopping to USD 34.80, then pay USD 3,362.40 today. This leaves at least USD 2,232.83 available."
request_214,46396.64,affordable_with_plan,partial_payment,2024-12-04:46396.64|2024-12-15:23353.36,2024-12-15,none,"Pay INR 46,396.64 today and the remaining INR 23,353.36 on 15 December 2024. This completes the full request and keeps the INR 174,900 minimum protected."
request_215,29986.0,affordable_now,full_payment,2025-05-06:29986,2025-05-06,none,"Pay ZAR 29,986 today. This leaves at least ZAR 55,341.32 available over the next 90 days."
request_216,490.86,affordable_with_plan,installments,2026-07-17:211.05|2026-08-17:211.05|2026-09-17:211.05|2026-10-17:211.05|2026-11-17:211.05|2026-12-17:211.05|2027-01-17:211.05|2027-02-17:211.05|2027-03-17:211.05|2027-04-17:211.05|2027-05-17:211.05|2027-06-17:211.05|2027-07-17:211.05|2027-08-17:211.05|2027-09-17:211.05|2027-10-17:211.05|2027-11-17:211.05|2027-12-17:211.05,2026-09-15,none,"Use 18 installments of USD 211.05, starting 17 July 2026. This leaves at least USD 2,290.86 available."
request_217,19540.55,affordable_with_plan,partial_payment,2024-03-05:19540.55|2024-05-15:17639.45,2024-05-15,none,"Pay ZAR 19,540.55 today and the remaining ZAR 17,639.45 on 15 May 2024. This completes the full request and keeps the ZAR 26,800 minimum protected."
request_218,26414417.02,affordable_with_plan,installments,2025-08-07:21195893.33|2025-09-07:21195893.33|2025-10-07:21195893.33,2025-09-15,none,"Use 3 installments of IDR 21,195,893.33, starting 07 August 2025. This leaves at least IDR 39,695,723.69 available."
request_219,708.13,affordable_with_plan,partial_payment,2026-04-04:708.13|2026-05-15:964.97,2026-05-15,none,"Pay EUR 708.13 today and the remaining EUR 964.97 on 15 May 2026. This completes the full request and keeps the EUR 1,100 minimum protected."
request_220,69.36,affordable_with_plan,installments,2024-06-20:175.23|2024-07-20:175.23|2024-08-20:175.23|2024-09-20:175.23|2024-10-20:175.23|2024-11-20:175.23|2024-12-20:175.23|2025-01-20:175.23|2025-02-20:175.23|2025-03-20:175.23|2025-04-20:175.23|2025-05-20:175.23|2025-06-20:175.23|2025-07-20:175.23|2025-08-20:175.23|2025-09-20:175.23|2025-10-20:175.23|2025-11-20:175.23|2025-12-20:175.23|2026-01-20:175.23|2026-02-20:175.23,2024-06-06,none,"Use 21 installments of EUR 175.23, starting 20 June 2024. This leaves at least EUR 1,169.36 available."
request_221,109800.0,affordable_now,full_payment,2025-11-03:109800,2025-11-03,none,"Pay INR 109,800 today. This leaves at least INR 106,657.76 available over the next 90 days."
request_222,34078.0,affordable_now,full_payment,2026-01-05:34078,2026-01-05,none,"Pay ZAR 34,078 today. This leaves at least ZAR 80,740.86 available over the next 90 days."
request_223,898.7,affordable_now,full_payment,2024-09-07:898.70,2024-09-07,none,Pay EUR 898.70 today. This leaves at least EUR 995.94 available over the next 90 days.
request_224,9858939.43,affordable_with_plan,full_payment,2025-02-04:10327000,2025-02-04,stop:event_20546|stop:event_20547,"Stop the music subscription and Stop the delivery membership, then pay IDR 10,327,000 today. This leaves at least IDR 22,661,939.43 available."
request_225,9562372.03,affordable_with_plan,partial_payment,2026-07-06:9562372.03|2026-09-15:12496627.97,2026-09-15,none,"Pay IDR 9,562,372.03 today and the remaining IDR 12,496,627.97 on 15 September 2026. This completes the full request and keeps the IDR 17,670,700 minimum protected."
request_226,157000.0,affordable_now,full_payment,2024-12-03:157000,2024-12-03,none,"Pay INR 157,000 today. This leaves at least INR 236,440.46 available over the next 90 days."
request_227,7284.78,not_affordable,not_recommended,none,,none,"Do not make this payment by 20 June 2025. None of the available options keeps the INR 62,900 minimum protected."
request_228,1557941.3,affordable_with_plan,installments,2026-04-21:4010710|2026-05-21:4010710|2026-06-21:4010710|2026-07-21:4010710|2026-08-21:4010710|2026-09-21:4010710|2026-10-21:4010710|2026-11-21:4010710|2026-12-21:4010710|2027-01-21:4010710|2027-02-21:4010710|2027-03-21:4010710|2027-04-21:4010710|2027-05-21:4010710|2027-06-21:4010710|2027-07-21:4010710|2027-08-21:4010710|2027-09-21:4010710,2026-04-07,none,"Use 18 installments of IDR 4,010,710, starting 21 April 2026. This leaves at least IDR 27,749,141.30 available."
request_229,437.12,affordable_with_plan,installments,2024-03-18:529.29|2024-04-18:529.29|2024-05-18:529.29,2024-05-15,none,"Use 3 installments of EUR 529.29, starting 18 March 2024. This leaves at least EUR 1,066.19 available."
request_230,3537.6,affordable_now,full_payment,2025-08-06:3537.60,2025-08-06,none,"Pay EUR 3,537.60 today. This leaves at least EUR 2,532.98 available over the next 90 days."
request_231,31732.67,affordable_with_plan,partial_payment,2026-01-03:31732.67|2026-01-15:3973.33,2026-01-15,none,"Pay ZAR 31,732.67 today and the remaining ZAR 3,973.33 on 15 January 2026. This completes the full request and keeps the ZAR 24,300 minimum protected."
request_232,579.67,affordable_with_plan,installments,2024-06-19:110.70|2024-07-19:110.70|2024-08-19:110.70|2024-09-19:110.70|2024-10-19:110.70|2024-11-19:110.70|2024-12-19:110.70|2025-01-19:110.70|2025-02-19:110.70|2025-03-19:110.70|2025-04-19:110.70|2025-05-19:110.70|2025-06-19:110.70|2025-07-19:110.70|2025-08-19:110.70|2025-09-19:110.70|2025-10-19:110.70|2025-11-19:110.70|2025-12-19:110.70|2026-01-19:110.70|2026-02-19:110.70,2024-06-05,none,"Use 21 installments of EUR 110.70, starting 19 June 2024. This leaves at least EUR 2,758.27 available."
request_233,0.0,not_affordable,not_recommended,none,,none,"Do not make this payment by 17 December 2025. None of the available options keeps the IDR 10,365,700 minimum protected."
request_234,183.76,affordable_with_plan,installments,2026-07-07:76.84|2026-08-07:76.84|2026-09-07:76.84|2026-10-07:76.84|2026-11-07:76.84|2026-12-07:76.84|2027-01-07:76.84|2027-02-07:76.84|2027-03-07:76.84|2027-04-07:76.84|2027-05-07:76.84|2027-06-07:76.84|2027-07-07:76.84|2027-08-07:76.84|2027-09-07:76.84|2027-10-07:76.84|2027-11-07:76.84|2027-12-07:76.84,2026-09-15,none,"Use 18 installments of EUR 76.84, starting 07 July 2026. This leaves at least EUR 806.92 available."
request_235,967.2,affordable_now,full_payment,2024-09-06:967.20,2024-09-06,none,Pay USD 967.20 today. This leaves at least USD 889.61 available over the next 90 days.
request_236,5848884.14,affordable_with_plan,installments,2025-02-17:3841420|2025-03-17:3841420|2025-04-17:3841420|2025-05-17:3841420|2025-06-17:3841420|2025-07-17:3841420|2025-08-17:3841420|2025-09-17:3841420|2025-10-17:3841420|2025-11-17:3841420|2025-12-17:3841420|2026-01-17:3841420|2026-02-17:3841420|2026-03-17:3841420|2026-04-17:3841420,2025-02-03,none,"Use 15 installments of IDR 3,841,420, starting 17 February 2025. This leaves at least IDR 22,617,484.14 available."
request_237,23826000.0,affordable_now,full_payment,2026-04-05:23826000,2026-04-05,none,"Pay IDR 23,826,000 today. This leaves at least IDR 24,381,122.31 available over the next 90 days."
request_238,0.0,not_affordable,not_recommended,none,,none,Do not make this payment by 16 February 2025. None of the available options keeps the USD 700 minimum protected.
request_239,642.0,affordable_now,full_payment,2025-05-04:642,2025-05-04,none,Pay USD 642 today. This leaves at least USD 655.60 available over the next 90 days.
request_240,13734.4,affordable_with_plan,installments,2026-01-20:6409.33|2026-02-20:6409.33|2026-03-20:6409.33|2026-04-20:6409.33|2026-05-20:6409.33|2026-06-20:6409.33|2026-07-20:6409.33|2026-08-20:6409.33|2026-09-20:6409.33|2026-10-20:6409.33|2026-11-20:6409.33|2026-12-20:6409.33|2027-01-20:6409.33|2027-02-20:6409.33|2027-03-20:6409.33|2027-04-20:6409.33|2027-05-20:6409.33|2027-06-20:6409.33,2026-01-06,none,"Use 18 installments of INR 6,409.33, starting 20 January 2026. This leaves at least INR 60,490.31 available."
request_241,21052000.0,affordable_now,full_payment,2024-03-03:21052000,2024-03-03,none,"Pay IDR 21,052,000 today. This leaves at least IDR 21,569,972.44 available over the next 90 days."
request_242,0.0,not_affordable,not_recommended,none,,none,Do not make this payment by 25 August 2025. None of the available options keeps the EUR 600 minimum protected.
request_243,17468.0,affordable_now,full_payment,2026-07-07:17468,2026-07-07,none,"Pay ZAR 17,468 today. This leaves at least ZAR 23,948.13 available over the next 90 days."
request_244,49918.0,affordable_now,full_payment,2024-06-04:49918,2024-06-04,none,"Pay ZAR 49,918 today. This leaves at least ZAR 56,767.38 available over the next 90 days."
request_245,24133.41,affordable_with_plan,installments,2025-11-06:9423.33|2025-12-06:9423.33|2026-01-06:9423.33|2026-02-06:9423.33|2026-03-06:9423.33|2026-04-06:9423.33|2026-05-06:9423.33|2026-06-06:9423.33|2026-07-06:9423.33|2026-08-06:9423.33|2026-09-06:9423.33|2026-10-06:9423.33|2026-11-06:9423.33|2026-12-06:9423.33|2027-01-06:9423.33,2026-01-15,none,"Use 15 installments of INR 9,423.33, starting 06 November 2025. This leaves at least INR 109,310.08 available."
request_246,64086.0,affordable_now,full_payment,2026-04-03:64086,2026-04-03,none,"Pay ZAR 64,086 today. This leaves at least ZAR 51,384.04 available over the next 90 days."
request_247,1059.3,affordable_now,full_payment,2024-09-05:1059.30,2024-09-05,none,"Pay EUR 1,059.30 today. This leaves at least EUR 1,359.56 available over the next 90 days."
request_248,935.62,affordable_with_plan,partial_payment,2025-02-07:935.62|2025-04-15:1029.98,2025-04-15,none,"Pay USD 935.62 today and the remaining USD 1,029.98 on 15 April 2025. This completes the full request and keeps the USD 1,300 minimum protected."
request_249,142.42,affordable_with_plan,installments,2026-01-04:40.74|2026-02-04:40.74|2026-03-04:40.74|2026-04-04:40.74|2026-05-04:40.74|2026-06-04:40.74|2026-07-04:40.74|2026-08-04:40.74|2026-09-04:40.74|2026-10-04:40.74|2026-11-04:40.74|2026-12-04:40.74|2027-01-04:40.74|2027-02-04:40.74|2027-03-04:40.74|2027-04-04:40.74|2027-05-04:40.74|2027-06-04:40.74,2026-03-15,none,"Use 18 installments of USD 40.74, starting 04 January 2026. This leaves at least USD 701.68 available."
request_250,15463.05,affordable_with_plan,installments,2024-12-09:6983.24|2025-01-09:6983.24|2025-02-09:6983.24|2025-03-09:6983.24|2025-04-09:6983.24|2025-05-09:6983.24|2025-06-09:6983.24|2025-07-09:6983.24|2025-08-09:6983.24|2025-09-09:6983.24|2025-10-09:6983.24|2025-11-09:6983.24|2025-12-09:6983.24|2026-01-09:6983.24|2026-02-09:6983.24|2026-03-09:6983.24|2026-04-09:6983.24|2026-05-09:6983.24|2026-06-09:6983.24|2026-07-09:6983.24|2026-08-09:6983.24,2024-12-06,none,"Use 21 installments of ZAR 6,983.24, starting 09 December 2024. This leaves at least ZAR 43,779.81 available."
request_251,1513.6,affordable_now,full_payment,2025-05-03:1513.60,2025-05-03,none,"Pay EUR 1,513.60 today. This leaves at least EUR 2,503.58 available over the next 90 days."
request_252,3779558.78,affordable_with_plan,installments,2026-07-19:1778526.67|2026-08-19:1778526.67|2026-09-19:1778526.67|2026-10-19:1778526.67|2026-11-19:1778526.67|2026-12-19:1778526.67|2027-01-19:1778526.67|2027-02-19:1778526.67|2027-03-19:1778526.67|2027-04-19:1778526.67|2027-05-19:1778526.67|2027-06-19:1778526.67|2027-07-19:1778526.67|2027-08-19:1778526.67|2027-09-19:1778526.67|2027-10-19:1778526.67|2027-11-19:1778526.67|2027-12-19:1778526.67,2026-09-15,none,"Use 18 installments of IDR 1,778,526.67, starting 19 July 2026. This leaves at least IDR 18,931,758.78 available."
request_253,1372.14,affordable_with_plan,installments,2024-03-21:984.60|2024-04-21:984.60|2024-05-21:984.60,2024-05-15,none,"Use 3 installments of EUR 984.60, starting 21 March 2024. This leaves at least EUR 2,455.77 available."
request_254,637.98,affordable_with_plan,partial_payment,2025-08-04:637.98|2025-10-15:2897.22,2025-10-15,none,"Pay USD 637.98 today and the remaining USD 2,897.22 on 15 October 2025. This completes the full request and keeps the USD 2,500 minimum protected."
request_255,2723531.13,affordable_with_plan,installments,2026-04-13:192337.50|2026-05-13:192337.50|2026-06-13:192337.50|2026-07-13:192337.50|2026-08-13:192337.50|2026-09-13:192337.50|2026-10-13:192337.50|2026-11-13:192337.50|2026-12-13:192337.50|2027-01-13:192337.50|2027-02-13:192337.50|2027-03-13:192337.50|2027-04-13:192337.50|2027-05-13:192337.50|2027-06-13:192337.50|2027-07-13:192337.50|2027-08-13:192337.50|2027-09-13:192337.50,2026-04-06,none,"Use 18 installments of IDR 192,337.50, starting 13 April 2026. This leaves at least IDR 11,960,418.63 available."
request_256,153479.79,affordable_with_plan,installments,2024-06-10:75816|2024-07-10:75816|2024-08-10:75816,2024-07-15,none,"Use 3 installments of INR 75,816, starting 10 June 2024. This leaves at least INR 189,817.89 available."
request_257,370.89,affordable_with_plan,installments,2025-11-05:99.18|2025-12-05:99.18|2026-01-05:99.18|2026-02-05:99.18|2026-03-05:99.18|2026-04-05:99.18|2026-05-05:99.18|2026-06-05:99.18|2026-07-05:99.18|2026-08-05:99.18|2026-09-05:99.18|2026-10-05:99.18|2026-11-05:99.18|2026-12-05:99.18|2027-01-05:99.18,2026-01-15,none,"Use 15 installments of USD 99.18, starting 05 November 2025. This leaves at least USD 1,871.71 available."
request_258,1113.6,affordable_now,full_payment,2026-01-07:1113.60,2026-01-07,none,"Pay USD 1,113.60 today. This leaves at least USD 828.09 available over the next 90 days."
request_259,252.13,affordable_with_plan,installments,2024-09-11:52.54|2024-10-11:52.54|2024-11-11:52.54|2024-12-11:52.54|2025-01-11:52.54|2025-02-11:52.54|2025-03-11:52.54|2025-04-11:52.54|2025-05-11:52.54|2025-06-11:52.54|2025-07-11:52.54|2025-08-11:52.54|2025-09-11:52.54|2025-10-11:52.54|2025-11-11:52.54|2025-12-11:52.54|2026-01-11:52.54|2026-02-11:52.54|2026-03-11:52.54|2026-04-11:52.54|2026-05-11:52.54,2024-11-15,none,"Use 21 installments of EUR 52.54, starting 11 September 2024. This leaves at least EUR 799.59 available."
request_260,6895611.68,affordable_with_plan,installments,2025-02-20:3819126.67|2025-03-20:3819126.67|2025-04-20:3819126.67|2025-05-20:3819126.67|2025-06-20:3819126.67|2025-07-20:3819126.67|2025-08-20:3819126.67|2025-09-20:3819126.67|2025-10-20:3819126.67|2025-11-20:3819126.67|2025-12-20:3819126.67|2026-01-20:3819126.67|2026-02-20:3819126.67|2026-03-20:3819126.67|2026-04-20:3819126.67,2025-02-06,none,"Use 15 installments of IDR 3,819,126.67, starting 20 February 2025. This leaves at least IDR 27,623,311.68 available."
request_261,1830.4,affordable_now,full_payment,2026-07-03:1830.40,2026-07-03,none,"Pay EUR 1,830.40 today. This leaves at least EUR 1,780.17 available over the next 90 days."
request_262,9236000.0,affordable_now,full_payment,2024-12-05:9236000,2024-12-05,none,"Pay IDR 9,236,000 today. This leaves at least IDR 31,578,997.18 available over the next 90 days."
request_263,7790.12,affordable_with_plan,installments,2025-05-14:3780.04|2025-06-14:3780.04|2025-07-14:3780.04|2025-08-14:3780.04|2025-09-14:3780.04|2025-10-14:3780.04|2025-11-14:3780.04|2025-12-14:3780.04|2026-01-14:3780.04|2026-02-14:3780.04|2026-03-14:3780.04|2026-04-14:3780.04|2026-05-14:3780.04|2026-06-14:3780.04|2026-07-14:3780.04,2025-05-07,none,"Use 15 installments of ZAR 3,780.04, starting 14 May 2025. This leaves at least ZAR 28,110.08 available."
request_264,23057.22,affordable_with_plan,installments,2026-04-18:7049|2026-05-18:7049|2026-06-18:7049|2026-07-18:7049|2026-08-18:7049|2026-09-18:7049|2026-10-18:7049|2026-11-18:7049|2026-12-18:7049|2027-01-18:7049|2027-02-18:7049|2027-03-18:7049|2027-04-18:7049|2027-05-18:7049|2027-06-18:7049|2027-07-18:7049|2027-08-18:7049|2027-09-18:7049,2026-06-15,none,"Use 18 installments of INR 7,049, starting 18 April 2026. This leaves at least INR 82,557.22 available."
request_265,0.0,not_affordable,not_recommended,none,,none,"Do not make this payment by 21 March 2024. None of the available options keeps the INR 189,700 minimum protected."
request_266,769.52,affordable_with_plan,installments,2025-08-03:324.13|2025-09-03:324.13|2025-10-03:324.13,2025-09-15,none,"Use 3 installments of EUR 324.13, starting 03 August 2025. This leaves at least EUR 918.19 available."
request_267,1680.67,affordable_with_plan,partial_payment,2026-01-05:1680.67|2026-01-15:244.33,2026-01-15,none,"Pay EUR 1,680.67 today and the remaining EUR 244.33 on 15 January 2026. This completes the full request and keeps the EUR 1,500 minimum protected."
request_268,1036.61,affordable_with_plan,installments,2024-06-14:841.22|2024-07-14:841.22|2024-08-14:841.22,2024-07-15,none,"Use 3 installments of EUR 841.22, starting 14 June 2024. This leaves at least EUR 1,486.29 available."
request_269,0.0,not_affordable,not_recommended,none,,none,"Do not make this payment by 02 January 2026. None of the available options keeps the ZAR 23,100 minimum protected."
request_270,95.5,affordable_with_plan,installments,2026-07-20:153.96|2026-08-20:153.96|2026-09-20:153.96|2026-10-20:153.96|2026-11-20:153.96|2026-12-20:153.96|2027-01-20:153.96|2027-02-20:153.96|2027-03-20:153.96|2027-04-20:153.96|2027-05-20:153.96|2027-06-20:153.96|2027-07-20:153.96|2027-08-20:153.96|2027-09-20:153.96|2027-10-20:153.96|2027-11-20:153.96|2027-12-20:153.96|2028-01-20:153.96|2028-02-20:153.96|2028-03-20:153.96|2028-04-20:153.96|2028-05-20:153.96|2028-06-20:153.96,2026-07-06,none,"Use 24 installments of USD 153.96, starting 20 July 2026. This leaves at least USD 1,495.50 available."
request_271,14104.09,affordable_with_plan,installments,2024-09-10:5130.19|2024-10-10:5130.19|2024-11-10:5130.19|2024-12-10:5130.19|2025-01-10:5130.19|2025-02-10:5130.19|2025-03-10:5130.19|2025-04-10:5130.19|2025-05-10:5130.19|2025-06-10:5130.19|2025-07-10:5130.19|2025-08-10:5130.19|2025-09-10:5130.19|2025-10-10:5130.19|2025-11-10:5130.19|2025-12-10:5130.19|2026-01-10:5130.19|2026-02-10:5130.19|2026-03-10:5130.19|2026-04-10:5130.19|2026-05-10:5130.19,2024-11-15,none,"Use 21 installments of INR 5,130.19, starting 10 September 2024. This leaves at least INR 67,173.90 available."
request_272,5409583.4,affordable_with_plan,installments,2025-02-12:4709466.67|2025-03-12:4709466.67|2025-04-12:4709466.67,2025-03-15,none,"Use 3 installments of IDR 4,709,466.67, starting 12 February 2025. This leaves at least IDR 8,208,716.73 available."
request_273,9614823.95,affordable_with_plan,partial_payment,2026-04-07:9614823.95|2026-04-15:6246176.05,2026-04-15,none,"Pay IDR 9,614,823.95 today and the remaining IDR 6,246,176.05 on 15 April 2026. This completes the full request and keeps the IDR 18,774,600 minimum protected."
request_274,2199.6,affordable_with_plan,installments,2024-12-04:940.75|2025-01-04:940.75|2025-02-04:940.75,2024-12-15,none,"Use 3 installments of EUR 940.75, starting 04 December 2024. This leaves at least EUR 2,236.59 available."
request_275,15884000.0,affordable_now,full_payment,2025-05-06:15884000,2025-05-06,none,"Pay IDR 15,884,000 today. This leaves at least IDR 15,318,337.46 available over the next 90 days."
